<?xml version="1.0" encoding="utf8"?>
<Document>
<TEXT><NODE id="0" />Portugal<NODE id="8" /> condemns 'brutal' <NODE id="27" />East Timor<NODE id="37" /> clashes

Excerpts from report by Portuguese radio

The <NODE id="93" />Portuguese government<NODE id="114" /> has expressed consternation over the latest incidents in <NODE id="172" />East Timor<NODE id="182" /> which resulted in the death of one or two people.

Portuguese <NODE id="245" />Foreign Minister<NODE id="261" /> <NODE id="262" />Jaime Gama<NODE id="272" /> spoke to us earlier...

[<NODE id="298" />Gama<NODE id="302" />] We are very dismayed. It was a very brutal action. We are trying to obtain more details about the situation through non-governmental organisations, the <NODE id="456" />International Committee of the Red Cross<NODE id="496" />.

We have also activated diplomatic channels in the <NODE id="549" />EU<NODE id="551" />, so the countries with embassies in <NODE id="588" />Indonesia<NODE id="597" /> can ask that country for clarification of this serious situation.

We are also in contact with the <NODE id="697" />UN secretariat-general<NODE id="719" />, with <NODE id="726" />Ambassador<NODE id="736" /> <NODE id="737" />Jamsheed Marker<NODE id="752" />, the <NODE id="758" />secretary-general<NODE id="775" />'s <NODE id="778" />special representative<NODE id="800" /> for <NODE id="805" />Timor<NODE id="810" /> with a view to making the <NODE id="837" />UN<NODE id="839" /> act on this problem. [end recording]

<NODE id="878" />The minister<NODE id="890" /> condemned the violence of the Indonesian regime and hoped that these incidents would not be repeated.

[<NODE id="995" />Gama<NODE id="999" />] We sincerely hope not, because violence is always gratuitous and unnecessary, but violence by armed forces against universities is always even more unnecessary.

We also know what is the destiny of political systems, political regimes, which use armed forces against university youths. [end recording]

Portuguese <NODE id="1315" />Prime Minister<NODE id="1329" /> <NODE id="1330" />Antonio Guterres<NODE id="1346" /> has also commented on this morning's incidents in <NODE id="1397" />Timor<NODE id="1402" />:

[<NODE id="1406" />Guterres<NODE id="1414" />] It is deeply regrettable and it - what happened in <NODE id="1467" />East Timor<NODE id="1477" /> - shows clearly the nature of the Indonesian dictatorship. It is repugnant.

It can but deserve our repudiation and that of the international community. It serves to show us that we must not have any illusions. This will be a very long, difficult and tough fight. But we are right and therefore we will triumph in the end.

Source: RDP Antena 1, <NODE id="1824" />Lisbon<NODE id="1830" />, in Portuguese 1400 gmt <NODE id="1855" />14 Nov 97<NODE id="1864" />

Former <NODE id="1873" />Nobel Peace Prize<NODE id="1890" /> winner speaks of "incalculable brutality"

Excerpts from report by Portuguese radio

[Presenter] In <NODE id="1991" />East Timor<NODE id="2001" /> a group of youths was attacked in the last few hours by <NODE id="2058" />Indonesian secret service<NODE id="2083" /> agents at <NODE id="2094" />Dili university<NODE id="2109" />.

Information regarding the number of victims is contradictory. The incident occurred when a number of students identified three <NODE id="2239" />secret service<NODE id="2253" /> agents.

The students allegedly attacked the agents who started firing on the students. Then a civilian vehicle with passengers in plain clothes and others in uniform drove past <NODE id="2432" />the university<NODE id="2446" /> firing point blank at the students.

The <NODE id="2488" />Justice and Peace Commission<NODE id="2516" /> in <NODE id="2520" />Dili<NODE id="2524" /> is reporting 11 missing and three seriously injured...

Other sources speak of two dead. In <NODE id="2617" />East Timor<NODE id="2627" /> there is even talk of six dead students.

<NODE id="2670" />Dom Ximenes Belo<NODE id="2686" /> [<NODE id="2688" />bishop<NODE id="2694" /> of <NODE id="2698" />Dili<NODE id="2702" /> and <NODE id="2707" />Nobel peace<NODE id="2718" /> laureate] spoke to us this morning:

[<NODE id="2757" />Belo<NODE id="2761" />] There were acts of incalculable brutality, naturally they put a stop to it because <NODE id="2846" />Dom Duarte Pio<NODE id="2860" />, <NODE id="2862" />duke<NODE id="2866" /> of <NODE id="2870" />Braganca<NODE id="2878" />, heir to the Portuguese throne was arriving [on a one-week visit].

But I think you should speak to our <NODE id="2983" />Justice and Peace Commission<NODE id="3011" /> to get more information, because about 14 to 16 injured people have come here to talk to <NODE id="3101" />the commission<NODE id="3115" />. The military broke into <NODE id="3141" />the university<NODE id="3155" />, abusively, breaking windows and doors.

Source: RDP Antena 1, <NODE id="3219" />Lisbon<NODE id="3225" />, in Portuguese 1000 gmt <NODE id="3250" />14 Nov 97<NODE id="3259" />

<NODE id="3261" />BBC Monitoring<NODE id="3275" /> (http://www.monitor.bbc.co.uk), based in <NODE id="3317" />Caversham<NODE id="3326" /> in southern <NODE id="3339" />England<NODE id="3346" />, selects and translates information from radio, television, press, news agencies and the Internet from 150 countries in more than 70 languages.  </TEXT>
<Meta /><Entities>
<Entity id="0" startPos="0" endPos="8" type="organization" surface="Portugal ">
<feature featureName="name" featureValue="Portugal" />
<feature featureName="type" featureValue="Country" /></Entity>
<Entity id="1" startPos="27" endPos="37" type="location" surface="East Timor ">
<feature featureName="name" featureValue="East Timor" /></Entity>
<Entity id="2" startPos="93" endPos="114" type="organization" surface="Portuguese government ">
<feature featureName="name" featureValue="Portuguese government" /></Entity>
<Entity id="3" startPos="172" endPos="182" type="location" surface="East Timor ">
<feature featureName="name" featureValue="East Timor" /></Entity>
<Entity id="4" startPos="245" endPos="261" type="position" surface="Foreign Minister ">
<feature featureName="name" featureValue="Foreign Minister" /></Entity>
<Entity id="5" startPos="262" endPos="272" type="person" surface="Jaime Gama ">
<feature featureName="name" featureValue="Jaime Gama" />
<feature featureName="surname" featureValue="Gama" />
<feature featureName="variants" featureValue="Gama, J. Gama" />
<feature featureName="given_name" featureValue="Jaime" /></Entity>
<Entity id="6" startPos="298" endPos="302" type="person" surface="Gama]">
<feature featureName="name" featureValue="Jaime Gama" />
<feature featureName="surname" featureValue="Gama" />
<feature featureName="variants" featureValue="Gama, J. Gama" />
<feature featureName="given_name" featureValue="Jaime" /></Entity>
<Entity id="7" startPos="456" endPos="496" type="organization" surface="International Committee of the Red Cross.">
<feature featureName="name" featureValue="International Committee of the Red Cross" />
<feature featureName="variants" featureValue="Red Cross, International Red Cross" /></Entity>
<Entity id="8" startPos="549" endPos="551" type="organization" surface="EU,">
<feature featureName="name" featureValue="European Union" /></Entity>
<Entity id="9" startPos="588" endPos="597" type="location" surface="Indonesia ">
<feature featureName="name" featureValue="Indonesia" /></Entity>
<Entity id="10" startPos="697" endPos="719" type="position" surface="UN secretariat-general,">
<feature featureName="name" featureValue="UN secretariat-general" /></Entity>
<Entity id="11" startPos="726" endPos="736" type="position" surface="Ambassador ">
<feature featureName="name" featureValue="Ambassador" /></Entity>
<Entity id="12" startPos="737" endPos="752" type="person" surface="Jamsheed Marker,">
<feature featureName="name" featureValue="Jamsheed Marker" />
<feature featureName="surname" featureValue="Jamsheed" />
<feature featureName="given_name" featureValue="Marker" /></Entity>
<Entity id="13" startPos="758" endPos="775" type="position" surface="secretary-general'">
<feature featureName="position_list" featureValue="secretary" />
<feature featureName="name" featureValue="secretary-general" /></Entity>
<Entity id="14" startPos="778" endPos="800" type="position" surface="special representative ">
<feature featureName="position_list" featureValue="representative" />
<feature featureName="name" featureValue="special representative" /></Entity>
<Entity id="15" startPos="805" endPos="810" type="location" surface="Timor ">
<feature featureName="name" featureValue="Timor" /></Entity>
<Entity id="16" startPos="837" endPos="839" type="organization" surface="UN ">
<feature featureName="name" featureValue="United Nations" /></Entity>
<Entity id="17" startPos="878" endPos="890" type="coreference" surface="The minister " />
<Entity id="18" startPos="995" endPos="999" type="person" surface="Gama]">
<feature featureName="name" featureValue="Jaime Gama" />
<feature featureName="surname" featureValue="Gama" />
<feature featureName="variants" featureValue="Gama, J. Gama" />
<feature featureName="given_name" featureValue="Jaime" /></Entity>
<Entity id="19" startPos="1315" endPos="1329" type="position" surface="Prime Minister ">
<feature featureName="name" featureValue="Prime Minister" /></Entity>
<Entity id="20" startPos="1330" endPos="1346" type="person" surface="Antonio Guterres ">
<feature featureName="name" featureValue="Antonio Guterres" />
<feature featureName="surname" featureValue="Guterres" />
<feature featureName="variants" featureValue="Guterres, A. Guterres" />
<feature featureName="given_name" featureValue="Antonio" /></Entity>
<Entity id="21" startPos="1397" endPos="1402" type="location" surface="Timor:">
<feature featureName="name" featureValue="Timor" /></Entity>
<Entity id="22" startPos="1406" endPos="1414" type="person" surface="Guterres]">
<feature featureName="name" featureValue="Antonio Guterres" />
<feature featureName="surname" featureValue="Guterres" />
<feature featureName="variants" featureValue="Guterres, A. Guterres" />
<feature featureName="given_name" featureValue="Antonio" /></Entity>
<Entity id="23" startPos="1467" endPos="1477" type="location" surface="East Timor ">
<feature featureName="name" featureValue="East Timor" /></Entity>
<Entity id="24" startPos="1824" endPos="1830" type="location" surface="Lisbon,">
<feature featureName="name" featureValue="Lisbon" /></Entity>
<Entity id="25" startPos="1855" endPos="1864" type="year" surface="14 Nov 97&#xA;">
<feature featureName="year" featureValue="1997" /></Entity>
<Entity id="26" startPos="1873" endPos="1890" type="prize" surface="Nobel Peace Prize ">
<feature featureName="area" featureValue="peace" />
<feature featureName="name" featureValue="Nobel Peace Prize" />
<feature featureName="prize_name" featureValue="nobel" /></Entity>
<Entity id="27" startPos="1991" endPos="2001" type="location" surface="East Timor ">
<feature featureName="name" featureValue="East Timor" /></Entity>
<Entity id="28" startPos="2058" endPos="2083" type="organization" surface="Indonesian secret service ">
<feature featureName="name" featureValue="Indonesian secret service" /></Entity>
<Entity id="29" startPos="2094" endPos="2109" type="organization" surface="Dili university.">
<feature featureName="name" featureValue="Dili university" /></Entity>
<Entity id="30" startPos="2239" endPos="2253" type="coreference" surface="secret service " />
<Entity id="31" startPos="2432" endPos="2446" type="coreference" surface="the university " />
<Entity id="32" startPos="2488" endPos="2516" type="organization" surface="Justice and Peace Commission ">
<feature featureName="name" featureValue="Justice and Peace Commission" /></Entity>
<Entity id="33" startPos="2520" endPos="2524" type="location" surface="Dili ">
<feature featureName="name" featureValue="Dili" /></Entity>
<Entity id="34" startPos="2617" endPos="2627" type="location" surface="East Timor ">
<feature featureName="name" featureValue="East Timor" /></Entity>
<Entity id="35" startPos="2670" endPos="2686" type="person" surface="Dom Ximenes Belo ">
<feature featureName="title" featureValue="Dom" />
<feature featureName="name" featureValue="Ximenes Belo" />
<feature featureName="gender" featureValue="m" />
<feature featureName="surname" featureValue="Belo" />
<feature featureName="given_name" featureValue="Ximenes" /></Entity>
<Entity id="36" startPos="2688" endPos="2694" type="position" surface="bishop ">
<feature featureName="name" featureValue="bishop" /></Entity>
<Entity id="37" startPos="2698" endPos="2702" type="location" surface="Dili ">
<feature featureName="name" featureValue="Dili" /></Entity>
<Entity id="38" startPos="2707" endPos="2718" type="prize" surface="Nobel peace ">
<feature featureName="area" featureValue="peace" />
<feature featureName="name" featureValue="Nobel peace" />
<feature featureName="prize_name" featureValue="nobel" /></Entity>
<Entity id="39" startPos="2757" endPos="2761" type="person" surface="Belo]">
<feature featureName="title" featureValue="Dom" />
<feature featureName="name" featureValue="Ximenes Belo" />
<feature featureName="gender" featureValue="m" />
<feature featureName="surname" featureValue="Belo" />
<feature featureName="given_name" featureValue="Ximenes" /></Entity>
<Entity id="40" startPos="2846" endPos="2860" type="person" surface="Dom Duarte Pio,">
<feature featureName="title" featureValue="Dom" />
<feature featureName="name" featureValue="Duarte Pio" />
<feature featureName="surname" featureValue="Pio" />
<feature featureName="given_name" featureValue="Duarte" /></Entity>
<Entity id="41" startPos="2862" endPos="2866" type="position" surface="duke ">
<feature featureName="position_list" featureValue="duke" /></Entity>
<Entity id="42" startPos="2870" endPos="2878" type="location" surface="Braganca,">
<feature featureName="name" featureValue="Braganca" /></Entity>
<Entity id="43" startPos="2983" endPos="3011" type="organization" surface="Justice and Peace Commission ">
<feature featureName="name" featureValue="Justice and Peace Commission" /></Entity>
<Entity id="44" startPos="3101" endPos="3115" type="coreference" surface="the commission." />
<Entity id="45" startPos="3141" endPos="3155" type="coreference" surface="the university," />
<Entity id="46" startPos="3219" endPos="3225" type="location" surface="Lisbon,">
<feature featureName="name" featureValue="Lisbon" /></Entity>
<Entity id="47" startPos="3250" endPos="3259" type="year" surface="14 Nov 97&#xA;">
<feature featureName="year" featureValue="1997" /></Entity>
<Entity id="48" startPos="3261" endPos="3275" type="organization" surface="BBC Monitoring ">
<feature featureName="name" featureValue="BBC Monitoring" /></Entity>
<Entity id="49" startPos="3317" endPos="3326" type="location" surface="Caversham ">
<feature featureName="name" featureValue="Caversham" /></Entity>
<Entity id="50" startPos="3339" endPos="3346" type="location" surface="England,">
<feature featureName="name" featureValue="United Kingdom" /></Entity></Entities><Relations>
<Relation id="51" NAME="coreference">
<Entity id="5" label="entity name" />
<Entity id="17" label="referential expression" />
</Relation>
<Relation id="52" NAME="coreference">
<Entity id="28" label="entity name" />
<Entity id="30" label="referential expression" />
</Relation>
<Relation id="53" NAME="coreference">
<Entity id="29" label="entity name" />
<Entity id="31" label="referential expression" />
</Relation>
<Relation id="54" NAME="coreference">
<Entity id="43" label="entity name" />
<Entity id="44" label="referential expression" />
</Relation>
<Relation id="55" NAME="prize-winning">
<Entity id="38" label="prize" />
<Entity id="35" label="winner" />
</Relation></Relations>
</Document>
